prompt,temperature,output
Explain photosynthesis in one sentence.,0,"Photosynthesis is the process by which green plants, algae, and some bacteria convert sunlight, carbon dioxide, and water into glucose (a sugar) and oxygen, using chlorophyll and the energy of light to drive chemical reactions."
Explain photosynthesis in one sentence.,0.7,"Photosynthesis is the process by which plants, algae, and some bacteria convert sunlight, carbon dioxide, and water into glucose (a sugar) and oxygen, using chlorophyll to capture light energy."
Explain photosynthesis in one sentence.,1.0,"Photosynthesis is the process by which green plants, algae, and some bacteria convert sunlight, carbon dioxide, and water into glucose (a form of chemical energy) and oxygen, using chlorophyll and the energy‑transferring reactions of the light‑dependent and Calvin‑cycle pathways."
Write the opening line of a sci-fi novel.,0,The stars had already begun to bleed into the night when the first whisper of the quantum storm reached the colony's broken antenna.
Write the opening line of a sci-fi novel.,0.7,"The first thing I noticed when the sky split open was not the fire of a supernova, but the cold, precise hum of a thousand alien engines slipping through the rift."
Write the opening line of a sci-fi novel.,1.0,"The stars had been whispering for centuries, but when the first human mind tuned into their chorus, the galaxy answered back with a warning written in pure light."
What shoud I do when driving a car downhill?,0,"### Driving a Car Safely Downhill – A Step‑by‑Step Checklist  

| Situation | What to Do | Why It Matters |
|-----------|------------|----------------|
| **Approach the descent** | **Select a lower gear** (manual: 2nd‑3rd; automatic: “L”, “2”, “S”, or “D” with “hill‑hold” if available). | Engine braking keeps the vehicle from gaining speed and reduces reliance on the foot brake, which can overheat. |
| **First few seconds** | **Apply the brakes gently** to set a comfortable cruising speed (usually 30‑45 km/h on steep grades, but follow posted limits). | A light, controlled brake application lets you feel how the car is responding before you commit to a speed. |
| **While descending** | • **Maintain a steady speed** using a combination of engine braking and short, intermittent brake taps.<br>• **Avoid “riding” the brakes** (keeping them pressed continuously).<br>• **Keep a safe following distance** (at least 2‑3 seconds, more on wet/icy roads). | Continuous brake use can cause fade (loss of braking power) and wear pads/rotors. A steady speed gives you more reaction time and keeps the car stable. |
| **If you need to slow more** | **Pump the brakes** (quick, firm presses) rather than holding them down. | Pumping helps keep the brakes cool and maintains hydraulic pressure. |
| **Corner"
What shoud I do when driving a car downhill?,0.7,"### Driving a Car Safely Downhill – A Quick Checklist  

| Situation | What to Do | Why It Helps |
|-----------|------------|--------------|
| **Approach the descent** | **Shift to a lower gear** (manual → 1st/2nd, automatic → “L”, “2”, “S” or “Snow” mode). | Engine braking slows the car without overheating the service brakes. |
| **Speed control** | **Maintain a moderate speed** (generally 30‑45 km/h on steep grades, slower in wet/icy conditions). | Reduces the need for sudden braking and gives you more reaction time. |
| **Brake usage** | **Apply brakes intermittently**: press firmly for 2‑3 seconds, then release for a few seconds (the “pump‑and‑hold” technique). | Prevents brake fade by letting the rotors cool. |
| **Following distance** | **Increase your following gap** (at least 4‑5 seconds, more in poor weather). | Gives you a longer stopping distance if traffic slows ahead. |
| **Lane choice** | **Stay in the right‑hand lane** (or the lane designated for slower traffic). | Allows faster traffic to pass safely and reduces the chance of head‑on conflicts. |
| **Road conditions** | **Watch for hazards**: curves, water, gravel, fallen leaves, or ice. Adjust speed accordingly. | Hazard‑specific"
What shoud I do when driving a car downhill?,1.0,"**Driving a car downhill – a quick safety checklist**

| Situation | What to do | Why it matters |
|-----------|------------|----------------|
| **1. Choose the right gear** | • **Manual:** Shift into a low gear (2nd, 3rd or “L”/ “2” on the selector). <br>• **Automatic:** Use “L”, “2”, “S” (sport) or manually select a lower gear with the paddle/shift lever. | A low gear lets the engine act as a brake (engine‑braking), reducing the load on your foot brakes and preventing overheating. |
| **2. Control speed early** | • Slow down **before** you start the descent, not while you’re already going fast. <br>• Use a gentle, steady pressure on the accelerator to maintain a safe, comfortable speed (usually 30‑45 mph/ 50‑70 km/h on steep grades, but follow posted limits). | The faster you’re going when the hill begins, the harder the brakes have to work later, increasing fade risk. |
| **3. Use brakes wisely** | • Apply the brakes **intermittently** (“pumping” or “snubbing”) rather than holding them down continuously. <br>• If you feel the brakes fading (pedal goes to the floor, pedal feels soft, or you hear a squeal), **release** them, let the vehicle slow a bit, then re‑apply. | Continuous brake use turns"
Which city is the capital of Islamabad? Briefly mention its history.,0,"Islamabad itself **is** the capital city of Pakistan. It was not named after another city; rather, it was purpose‑built to serve as the nation’s new capital.

**Brief history**

- **Planning and location** – In the late 1950s the Pakistani government decided to move the capital from Karachi (the then‑commercial hub) to a more central, secure, and climate‑friendly site. A site in the Pothohar Plateau, near the historic town of Rawalpindi, was chosen and named “Islamabad,” meaning “City of Islam.”

- **Design** – The city was designed by a team of architects and planners led by the Greek‑Canadian architect **Constantinos Doxiadis**. The master plan emphasized wide avenues, green spaces, and distinct sectors for government, diplomatic, residential, and commercial functions.

- **Construction** – Ground‑breaking began in 1960. By 1966 the new capital was officially inaugurated, and the federal government moved there from Karachi. The iconic Faisal Mosque, completed in 1986, became a symbolic landmark.

- **Growth** – Since its founding, Islamabad has expanded from a modest planned city into a modern metropolis, housing the Parliament, Supreme Court, foreign embassies, and numerous universities and research institutions, while retaining a reputation for cleanliness and greenery.

So, the “capital of Islamabad” is Islamabad itself—a purpose‑built capital with a relatively recent ("
Which city is the capital of Islamabad? Briefly mention its history.,0.7,"Islamabad is itself a city — it is the capital of Pakistan.  

**Brief history**  
- **Origins** – After Pakistan’s independence in 1947, Karachi served as the capital. By the late 1950s the government decided a new, purpose‑built capital was needed for strategic, administrative and climatic reasons.  
- **Site selection** – A location in the foothills of the Margalla Hills, about 30 km north of Rawalpindi, was chosen in 1959. The area was sparsely populated and offered a more central position within the country.  
- **Planning & construction** – The master plan was prepared by the Greek architect Constantinos Doxiadis, emphasizing a “garden city” layout with wide avenues, green spaces, and distinct sectors for diplomatic, residential, commercial and governmental functions. Construction began in the early 1960s.  
- **Becoming the capital** – In 1963 the capital officially moved from Karachi to Islamabad. The city’s development continued through the 1970s and 1980s, and it now houses the Parliament (Majlis‑e‑Shoora), the President’s House, the Supreme Court, numerous foreign embassies, and many federal ministries.  

Thus, Islamabad is both the name of the city and the capital of"
Which city is the capital of Islamabad? Briefly mention its history.,1.0,"Islamabad is the capital city of Pakistan.  

**Brief history**  
- In 1959 the Pakistani government decided to move the capital from Karachi to a more central location.  
- The site in the foothills of the Himalayas was chosen and named “Islamabad” (meaning “City of Islam”).  
- A master plan was drawn up by the Greek architect and town‑planner Constantinos Doxiadis, emphasizing green spaces, wide avenues and a grid‑like layout.  
- Construction began in 1960; the city was officially inaugurated as the capital in 1966, while the nearby city of Rawalpindi served as a temporary administrative hub.  
- Since then Islamabad has grown into a modern, well‑planned capital, housing the government’s key institutions, foreign embassies, and"
Translate 'Where is the library?' into German.,0,"""Where is the library?"" in German is:

**""Wo ist die Bibliothek?""**"
Translate 'Where is the library?' into German.,0.7,**German:** *Wo ist die Bibliothek?*
Translate 'Where is the library?' into German.,1.0,"“Where is the library?” in German is:

**„Wo ist die Bibliothek?“** (or, more commonly in everyday speech, **„Wo ist die Bücherei?“**)"
Summarize: The quick brown fox jumps over the lazy dog. The dog was not amused.,0,"A swift, brown fox leapt over a lazy dog, but the dog didn’t find it entertaining."
Summarize: The quick brown fox jumps over the lazy dog. The dog was not amused.,0.7,"The fox leaps over the lazy dog, but the dog remains unimpressed."
Summarize: The quick brown fox jumps over the lazy dog. The dog was not amused.,1.0,"A swift brown fox leaps over a lazy dog, but the dog isn’t pleased."
Is pineapple on pizza acceptable? Why or why not?,0,"**Short answer:** Yes—pineapple on pizza is perfectly acceptable, but whether you *like* it is a matter of personal taste.

---

## Why it’s acceptable

| Reason | Explanation |
|--------|--------------|
| **Culinary freedom** | Food is a creative art. Chefs (and home cooks) combine ingredients in countless ways, and there’s no rule that says a topping must be “traditional” to be valid. |
| **Historical precedent** | The “Hawaiian” pizza (tomato sauce, cheese, ham, and pineapple) was invented in 1962 by Greek‑Canadian restaurateur Sam Panopoulos in Ontario, Canada. It quickly spread worldwide, showing that the combination can be commercially successful. |
| **Flavor science** | Pineapple brings three key sensory elements that complement pizza: <br>• **Sweetness** (balances the acidity of tomato sauce) <br>• **Acidity** (cuts through the richness of cheese and meat) <br>• **Juiciness** (adds a pleasant mouthfeel). The contrast of sweet‑savory is a well‑established taste pairing (think teriyaki, barbecue sauce, or fruit‑glazed pork). |
| **Cultural acceptance** | Many countries—Canada, the United States, Sweden, Australia, Japan, Brazil, and more—regularly serve pineapple‑topped pizzas in pizzerias, school cafeterias, and fast‑food chains. It’s even a menu staple at major chains like Pizza Hut and Domino’s. |
| **Dietary considerations** | For vegetarians who still want a bit of “me"
Is pineapple on pizza acceptable? Why or why not?,0.7,"**Short answer:**  
Yes, pineapple on pizza is perfectly acceptable—if you enjoy it. Whether it’s “good” or “bad” is a matter of personal taste, cultural context, and culinary philosophy rather than an objective rule.

---

## Why Some People Love It

| Reason | Explanation |
|--------|-------------|
| **Flavor contrast** | The sweet, juicy bite of pineapple balances the salty, umami richness of cheese, tomato sauce, and cured meats (like ham or bacon). That sweet‑salty‑savory interplay is a classic taste principle that many cuisines exploit. |
| **Texture play** | Warm, caramelized pineapple adds a slightly crisp‑tender bite that contrasts with the soft cheese and chewy crust. |
| **Cultural openness** | Modern global cuisine celebrates mash‑ups (think Korean‑style tacos, sushi burritos, etc.). Pineapple on pizza fits that experimental spirit. |
| **Nostalgia & fun** | For many, the “Hawaiian” pizza (ham + pineapple) is associated with casual gatherings, pizza‑night memories, or simply a playful twist on a staple. |

---

## Why Some People Object

| Reason | Explanation |
|--------|-------------|
| **Traditionalist view** | Purists argue that pizza, especially the classic Neapolitan style, should stick to ingredients rooted in Italian culinary heritage (tomato, mozzarella, basil, cured meats, vegetables). Adding fruit feels “inauthentic.” |
| **Flavor clash (subjective)** | Some taste buds find the acidity and"
Is pineapple on pizza acceptable? Why or why not?,1.0,"**Short answer:**  
Yes—pineapple on pizza is perfectly acceptable, but whether you (or anyone else) *like* it is a matter of personal taste, cultural context, and sometimes a bit of culinary philosophy.

---

## 1.  The “acceptability” question is really about three things

| Dimension | What it means for pineapple‑on‑pizza | Why it matters |
|-----------|---------------------------------------|----------------|
| **Culinary tradition** | Pizza originated in Italy as a simple, savory dish (tomato, mozzarella, herbs, cured meats, vegetables). Adding sweet fruit is not traditional. | Purists argue that “authentic” pizza should stay within that flavor family. |
| **Flavor science** | Sweet‑savory pairings (e.g., ham & melon, bacon & maple syrup) are chemically supported: sugar stimulates the brain’s reward pathways and can balance acidity and salt. Pineapple adds acidity, sweetness, and a juicy texture that contrast nicely with salty ham, cheese, and tomato sauce. | The science backs the idea that the combination *can* be enjoyable, even if it feels unexpected. |
| **Social / cultural acceptance** | Since the 1960s “Hawaiian pizza” (ham + pineapple) has become a global menu item. In many countries (Canada, Sweden, Australia, the U.S., etc.) it’s a regular offering. In some circles—especially certain Italian purists and a few online communities—it's still a hotly debated taboo. | Food choices are often about identity and belonging; the controversy itself is part of the cultural story. |

### Bottom line
Because"
Give me a 3-bullet list of benefits of sleep.,0,"- **Improves memory and learning** – Sleep consolidates information and helps you retain new skills and knowledge.  
- **Supports physical health** – It promotes tissue repair, hormone regulation, and a stronger immune system.  
- **Enhances mood and cognitive function** – Adequate sleep boosts concentration, decision‑making, and emotional stability."
Give me a 3-bullet list of benefits of sleep.,0.7,"- **Improves memory and learning** – Sleep helps consolidate information and strengthens neural connections, making it easier to retain and recall what you’ve learned.  
- **Supports physical health** – Quality sleep boosts immune function, regulates hormones, and aids muscle repair, reducing the risk of chronic illnesses such as heart disease and diabetes.  
- **Enhances mood and mental resilience** – Adequate rest balances neurotransmitters, lowers stress, and improves emotional regulation, helping you feel more positive and better equipped to handle challenges."
Give me a 3-bullet list of benefits of sleep.,1.0,"- Improves memory consolidation and learning, helping you retain information and think more clearly.  
- Supports immune function and hormone regulation, reducing the risk of illness and maintaining overall health.  
- Enhances mood, emotional resilience, and cognitive performance, leading to better decision‑making and reduced stress."
"Tell me lines losses in electric grid, in  abrief manner.",0,"**Line (Transmission) Losses in an Electric Grid – Brief Overview**

| Type of Loss | Main Cause | Typical Magnitude (per 100 km of line) | How It Varies |
|--------------|------------|----------------------------------------|---------------|
| **Resistive (I²R) Losses** | Ohmic heating of conductors | 1–3 % of transmitted power (higher for long, low‑voltage lines) | ↑ with current², ↑ with line resistance (material, cross‑section, temperature) |
| **Corona Losses** | Ionization of air around high‑voltage conductors | 0.1–0.5 % (more noticeable > 200 kV) | ↑ with voltage, conductor diameter, humidity, surface condition |
| **Dielectric (Leakage) Losses** | Imperfect insulation in cables, transformers, and equipment | < 0.1 % | ↑ with insulation age, moisture, temperature |
| **Skin‑Effect & Proximity Effect** | Current crowding near conductor surface | Contribute a few tenths of a percent at > 100 kHz (relevant for HVDC and high‑frequency transients) | ↑ with frequency and conductor geometry |
| **Reactive Power & Voltage Drop** | Inductive reactance causing extra current flow | Not a “real” loss but can increase I²R losses by 0.5–2 % | ↑ with line length, load factor,"
"Tell me lines losses in electric grid, in  abrief manner.",0.7,"**Line (transmission‑line) losses in an electric grid – brief overview**

| **Loss type** | **What it is** | **Typical magnitude** | **How it’s mitigated** |
|---------------|----------------|-----------------------|------------------------|
| **Resistive (I²R) loss** | Heat generated by the resistance of conductors as current flows. | 1‑3 % of transmitted power on high‑voltage (HV) lines; can rise to >5 % on lower‑voltage distribution feeders. | Use larger‑cross‑section conductors, higher‑conductivity materials (e.g., aluminum‑steel composite), and operate at higher voltages (reduces current). |
| **Corona loss** | Ionization of air around conductors at very high voltages, producing audible noise and light, and dissipating energy as heat. | Usually <0.5 % on well‑designed HV lines; can be higher in humid or polluted environments. | Increase conductor diameter, use bundled conductors, and keep surface smooth. |
| **Dielectric (insulation) loss** | Leakage current through the insulation of cables or underground lines. | Typically <0.2 % for modern XLPE or cross‑linked polymer cables; higher for older oil‑filled cables. | Use high‑quality insulation, maintain proper moisture control, and replace aging"
"Tell me lines losses in electric grid, in  abrief manner.",1.0,"**Line (transmission‑line) losses in an electric grid – brief overview**

| Loss Type | What it is | Main Causes | Typical Magnitude (per 100 km, 500 kV) | Mitigation Tips |
|-----------|------------|-------------|----------------------------------------|-----------------|
| **Resistive (I²R) loss** | Power dissipated as heat in the conductors | Current flow, conductor resistance (depends on material, cross‑section, temperature) | 1–2 % of transmitted power (≈0.5–1 % per 100 km for high‑voltage lines) | Use larger‑diameter or lower‑resistivity conductors (e.g., aluminum‑conductor‑steel‑reinforced, ACSR), operate at higher voltage to reduce current. |
| **Dielectric (insulation) loss** | Energy absorbed by the insulation surrounding the conductor | Leakage current through polymeric or oil‑based insulation, especially at high voltage | <0.1 % of transmitted power (usually negligible for overhead lines) | Use high‑quality, low‑loss insulation; maintain proper clearances; keep insulators clean and dry. |
| **Corona loss** | Ionisation of air around high‑field points, producing audible noise and light | High electric field at conductor surface, especially on sharp points, high altitude, wet or polluted air | 0.1–0.5 % for 500 kV lines at sea level; increases with voltage and humidity | Use bundled conductors, larger radius conductors, corona rings, proper surface finishing,"
"Name a color, then name an animal that color, then make a sentence.",0,"**Color:** Azure  

**Animal of that color:** Azure kingfisher  

**Sentence:** The azure kingfisher darted over the sparkling river, its bright plumage flashing like a living jewel."
"Name a color, then name an animal that color, then make a sentence.",0.7,"**Color:** Azure  

**Animal:** Blue jay  

**Sentence:** The azure sky was mirrored in the bright plumage of the blue jay as it darted between the treetops."
"Name a color, then name an animal that color, then make a sentence.",1.0,"**Color:** Crimson  
**Animal that color:** Cardinal  
**Sentence:** The crimson cardinal flitted among the snow‑covered branches, adding a splash of vivid red to the winter landscape."
